[{"model": "auth.user", "fields": {"password": "pbkdf2_sha256$1000000$dxAZUp3OxNVcAg4foVSEQp$YyQeL8BYflbwQuIW1Qf/eMyKvh1UYbB7I0kUTnepd9k=", "last_login": null, "is_superuser": false, "username": "bnjjn", "first_name": "kl,", "last_name": ",l", "email": "jkkjk@gmft.com", "is_staff": false, "is_active": true, "date_joined": "2025-08-12T22:21:35.413Z", "groups": [], "user_permissions": []}}, {"model": "auth.user", "fields": {"password": "pbkdf2_sha256$1000000$e42Rb4Vvc2xK9Oldr4gmfY$gqhuOaXHYitsiRmdKCPQN1oz8Bv1lHzTP2Dyb9Hf7KM=", "last_login": "2025-08-12T22:43:55.215Z", "is_superuser": true, "username": "admin", "first_name": "", "last_name": "", "email": "admin@gmail.com", "is_staff": true, "is_active": true, "date_joined": "2025-08-12T22:43:35.462Z", "groups": [], "user_permissions": []}}, {"model": "auth.user", "fields": {"password": "pbkdf2_sha256$1000000$BDjhykYCzJt9Wk1Nj0yELP$gWjzhWXHI7yI+bAMsQzBuEgwDvuOGCxXVAC03g/ulmk=", "last_login": null, "is_superuser": false, "username": "bnjj", "first_name": "lll", "last_name": "jk,", "email": "jookjo@jkj.kok", "is_staff": false, "is_active": true, "date_joined": "2025-08-13T07:47:25.526Z", "groups": [], "user_permissions": []}}, {"model": "sessions.session", "pk": "219e0ue0u878z5segyr73hzdv35885e7", "fields": {"session_data": ".eJxVjEEKwyAQAP_iuYiou4k99t43yKprTVsUYnIK_XsRcmivM8McwtO-Fb93Xv2SxFVocfllgeKL6xDpSfXRZGx1W5cgRyJP2-W9JX7fzvZvUKiXsc15yoQ8YcjkIBJYpRUY6xQSGJ10dkbxDFZHBFQ0x6QyQ2TkAAHE5wvlPDgD:1umCBi:TTTTaMInG7A5wIO-dHUd7mLzMlQzm2zX2FZThzL1VCg", "expire_date": "2025-08-27T14:10:46.271Z"}}, {"model": "sessions.session", "pk": "f4g3xdjjf2nkvbapmoa2gs0jh221mno6", "fields": {"session_data": ".eJxVjEEKwyAQAP_iuYiou4k99t43yKprTVsUYnIK_XsRcmivM8McwtO-Fb93Xv2SxFVocfllgeKL6xDpSfXRZGx1W5cgRyJP2-W9JX7fzvZvUKiXsc15yoQ8YcjkIBJYpRUY6xQSGJ10dkbxDFZHBFQ0x6QyQ2TkAAHE5wvlPDgD:1ulzBb:WzPHPiUAOEmQkpxfkp3rm1fFM8GXmb_M-zeGn19PrLs", "expire_date": "2025-08-27T00:17:47.085Z"}}, {"model": "sessions.session", "pk": "jdi683968rythrbdz198qw86t1786xqw", "fields": {"session_data": ".eJxVjEEOwiAQRe_C2pARGFpcuu8ZyACDVA0kpV0Z765NutDtf-_9l_C0rcVvnRc_J3ERZ3H63QLFB9cdpDvVW5Ox1XWZg9wVedAup5b4eT3cv4NCvXxrlfOQyfJgQyaHkdCAAtTGgSXUKqnsNPCIRkWLFmiMCTJjZMsBA4r3B-SjOAI:1ulxil:gdYlcEZtu4ylLweUASMA6XBPHn7-4_3OiJsh4K9w8jI", "expire_date": "2025-08-26T22:43:55.223Z"}}, {"model": "sessions.session", "pk": "nlg5l1zk8r52a1umnvh1bcrsowozb5ct", "fields": {"session_data": ".eJxVjEEKwyAQAP_iuYiou4k99t43yKprTVsUYnIK_XsRcmivM8McwtO-Fb93Xv2SxFVocfllgeKL6xDpSfXRZGx1W5cgRyJP2-W9JX7fzvZvUKiXsc15yoQ8YcjkIBJYpRUY6xQSGJ10dkbxDFZHBFQ0x6QyQ2TkAAHE5wvlPDgD:1umCDx:IbcTstlxd8EWtcf67YXGATVnFfGjZO9ALY-uwwwE_ss", "expire_date": "2025-08-27T14:13:05.975Z"}}, {"model": "content.academicyear", "pk": 5, "fields": {"start_year": 2021, "end_year": 2022, "drive_link": ""}}, {"model": "content.academicyear", "pk": 6, "fields": {"start_year": 2022, "end_year": 2023, "drive_link": ""}}, {"model": "content.academicyear", "pk": 7, "fields": {"start_year": 2023, "end_year": 2024, "drive_link": ""}}, {"model": "content.academicyear", "pk": 8, "fields": {"start_year": 2024, "end_year": 2025, "drive_link": ""}}, {"model": "content.sitesettings", "pk": 1, "fields": {"discord_invite_url": "https://discord.gg/Ef5eeQQpnk", "updated_at": "2025-08-25T14:17:47.723Z"}}, {"model": "content.coursedrivelink", "pk": 35, "fields": {"academic_year": 5, "semester": "s5", "specialization": "isil_b", "url": "https://drive.google.com/drive/folders/19E3UTHa5JKc76IrjcCdMUR99MPEDFduq"}}, {"model": "content.coursedrivelink", "pk": 36, "fields": {"academic_year": 5, "semester": "s5", "specialization": "isil_a", "url": "https://drive.google.com/drive/folders/1jdOPlwaQ5jxUZ4NXJv8OLAuajb12NnNy"}}, {"model": "content.coursedrivelink", "pk": 37, "fields": {"academic_year": 5, "semester": "s5", "specialization": "acad_a", "url": "https://drive.google.com/drive/folders/1DRxbFQExfKqHGxXeIqsnJ-kMjqXZlJJD"}}, {"model": "content.coursedrivelink", "pk": 38, "fields": {"academic_year": 5, "semester": "s5", "specialization": "acad_c", "url": "https://drive.google.com/drive/folders/1g9PZMLbk_F-PYiYfNyAMJhyOhoRcotC4"}}, {"model": "content.coursedrivelink", "pk": 39, "fields": {"academic_year": 5, "semester": "s6", "specialization": "isil_b", "url": "https://drive.google.com/drive/folders/19h6DYl-Q_TprrWEBOx0j9XWmhOodmwmi"}}, {"model": "content.coursedrivelink", "pk": 40, "fields": {"academic_year": 5, "semester": "s6", "specialization": "isil_a", "url": "https://drive.google.com/drive/folders/1PtUPmXNOH0TbrZlY-GL6n61vswwXDL7-"}}, {"model": "content.coursedrivelink", "pk": 41, "fields": {"academic_year": 5, "semester": "s6", "specialization": "acad_c", "url": "https://drive.google.com/drive/folders/1ELvsGQPzZPXBbezUW86uug0HQ5hSPGNB"}}, {"model": "content.coursedrivelink", "pk": 42, "fields": {"academic_year": 6, "semester": "s5", "specialization": "isil_b", "url": "https://drive.google.com/drive/folders/1fH5ZBlv96QyJeRw0czTIB5gswQ5oFexd"}}, {"model": "content.coursedrivelink", "pk": 43, "fields": {"academic_year": 6, "semester": "s5", "specialization": "isil_a", "url": "https://drive.google.com/drive/folders/1VBHs69Mf2Hm9RwiUhPCr0cKoAf8KF_bq"}}, {"model": "content.coursedrivelink", "pk": 44, "fields": {"academic_year": 6, "semester": "s5", "specialization": "acad_c", "url": "https://drive.google.com/drive/folders/1jRLsYlc-m8P3JjmFqxfS7X5UCstytLth"}}, {"model": "content.coursedrivelink", "pk": 45, "fields": {"academic_year": 6, "semester": "s5", "specialization": "acad_b", "url": "https://drive.google.com/drive/folders/1BGDxUidWkErbyb6jhCGrs73AgbNpvWIQ"}}, {"model": "content.coursedrivelink", "pk": 46, "fields": {"academic_year": 6, "semester": "s5", "specialization": "acad_a", "url": "https://drive.google.com/drive/folders/1RgQEEb2FlweRhmAOfyH5eiZ_yK7-c2VI"}}, {"model": "content.coursedrivelink", "pk": 47, "fields": {"academic_year": 6, "semester": "s6", "specialization": "isil_b", "url": "https://drive.google.com/drive/folders/1aMizeKw54M2SXW_djQBI_sa7laE4Wm7V"}}, {"model": "content.coursedrivelink", "pk": 48, "fields": {"academic_year": 6, "semester": "s6", "specialization": "isil_a", "url": "https://drive.google.com/drive/folders/1JcoibMvex-5Y4WXltl0zxIrQNcmLcNUz"}}, {"model": "content.coursedrivelink", "pk": 49, "fields": {"academic_year": 6, "semester": "s6", "specialization": "acad_c", "url": "https://drive.google.com/drive/folders/13cSKvyvZLB2E7anqXimyRJxA8oNDA6_v"}}, {"model": "content.coursedrivelink", "pk": 50, "fields": {"academic_year": 6, "semester": "s6", "specialization": "acad_b", "url": "https://drive.google.com/drive/folders/1Bm9nk7-GzK_aFpk4fbzp-q3bWJWVPzUH"}}, {"model": "content.coursedrivelink", "pk": 51, "fields": {"academic_year": 6, "semester": "s6", "specialization": "acad_a", "url": "https://drive.google.com/drive/folders/12J6HPnqySKj8bW45uIdANPKKfnyJ0hnE"}}, {"model": "content.coursedrivelink", "pk": 52, "fields": {"academic_year": 7, "semester": "s5", "specialization": "isil_b", "url": "https://drive.google.com/drive/folders/1N69-KxGG1xhvK5bRGEyO12EWh-E1RXTd"}}, {"model": "content.coursedrivelink", "pk": 53, "fields": {"academic_year": 7, "semester": "s5", "specialization": "isil_a", "url": "https://drive.google.com/drive/folders/1TWbmp_wjwx6PIy2DTgI5uLUu755BJ0dj"}}, {"model": "content.coursedrivelink", "pk": 54, "fields": {"academic_year": 7, "semester": "s5", "specialization": "acad_c", "url": "https://drive.google.com/drive/folders/1RL2jJcStgQ_pFrYJG90elGVU7S7Ow1gX"}}, {"model": "content.coursedrivelink", "pk": 55, "fields": {"academic_year": 7, "semester": "s5", "specialization": "acad_b", "url": "https://drive.google.com/drive/folders/1-9sNRynfcUO31LJU_nGNg-V7C0rV9Tdd"}}, {"model": "content.coursedrivelink", "pk": 56, "fields": {"academic_year": 7, "semester": "s5", "specialization": "acad_a", "url": "https://drive.google.com/drive/folders/1ITieJY22_M-OL-bEGPVVbGXaiMkBJKo2"}}, {"model": "content.coursedrivelink", "pk": 57, "fields": {"academic_year": 7, "semester": "s6", "specialization": "isil_b", "url": "https://drive.google.com/drive/folders/1N6LsIUqDGtyrYFKphr-NsJVdAip0g0oX"}}, {"model": "content.coursedrivelink", "pk": 58, "fields": {"academic_year": 7, "semester": "s6", "specialization": "isil_a", "url": "https://drive.google.com/drive/folders/1nXWjTRWoM8bBQ3I-K1TuNm2fuoK2ccIR"}}, {"model": "content.coursedrivelink", "pk": 59, "fields": {"academic_year": 7, "semester": "s6", "specialization": "acad_c", "url": "https://drive.google.com/drive/folders/1fpT9LIn5RK5V-85iM49YFAZ9uHJUL8mN"}}, {"model": "content.coursedrivelink", "pk": 60, "fields": {"academic_year": 7, "semester": "s6", "specialization": "acad_b", "url": "https://drive.google.com/drive/folders/1s8ZhVPD8nBbmhqFIHQSWRW7hP-jdlmhY"}}, {"model": "content.coursedrivelink", "pk": 61, "fields": {"academic_year": 7, "semester": "s6", "specialization": "acad_a", "url": "https://drive.google.com/drive/folders/1HyK6DQY9nGxqNty0FK8-WZDhW39S5jpF"}}, {"model": "content.coursedrivelink", "pk": 62, "fields": {"academic_year": 8, "semester": "s5", "specialization": "isil_a", "url": "https://drive.google.com/drive/u/1/folders/1KsHn0KO2j1sbUJRSWs72UQJcB5STuzfh"}}, {"model": "content.coursedrivelink", "pk": 63, "fields": {"academic_year": 8, "semester": "s5", "specialization": "isil_b", "url": "https://drive.google.com/drive/u/1/folders/1UUHbui1E3qWvfME6UunRw80gS8WhGO2z"}}, {"model": "content.coursedrivelink", "pk": 64, "fields": {"academic_year": 8, "semester": "s5", "specialization": "acad_a", "url": "https://drive.google.com/drive/u/1/folders/1RoMzavo7NTkU8SIVVpwRAjhcHvbLiDSw"}}, {"model": "content.coursedrivelink", "pk": 65, "fields": {"academic_year": 8, "semester": "s5", "specialization": "acad_b", "url": "https://drive.google.com/drive/u/1/folders/1m7ygZ3f91IAPDun3CLkQq55sJbopIlhl"}}, {"model": "content.coursedrivelink", "pk": 66, "fields": {"academic_year": 8, "semester": "s5", "specialization": "acad_c", "url": "https://drive.google.com/drive/u/1/folders/1FJ4ix7P9ujr2IajcCtid9PGiBtHhl6l1"}}, {"model": "content.coursedrivelink", "pk": 67, "fields": {"academic_year": 8, "semester": "s6", "specialization": "isil_a", "url": "https://drive.google.com/drive/u/1/folders/1K5JK3W6HQjBNEQTx4Hwd5fTPsVbaBPN7"}}, {"model": "content.coursedrivelink", "pk": 68, "fields": {"academic_year": 8, "semester": "s6", "specialization": "isil_b", "url": "https://drive.google.com/drive/u/1/folders/1MB_VIIMEGx43a38uqrPNj8x__issuhuS"}}, {"model": "content.course", "pk": 9, "fields": {"name": "Compilation", "specialization": "isil", "semester": "s5"}}, {"model": "content.course", "pk": 10, "fields": {"name": "R├®seaux", "specialization": "isil", "semester": "s5"}}, {"model": "content.course", "pk": 11, "fields": {"name": "G├®nie Logiciel 2", "specialization": "isil", "semester": "s5"}}, {"model": "content.course", "pk": 12, "fields": {"name": "Syst├¿me d'Exploitation 2", "specialization": "isil", "semester": "s5"}}, {"model": "content.course", "pk": 13, "fields": {"name": "Base de Donn├®es 2", "specialization": "isil", "semester": "s5"}}, {"model": "content.course", "pk": 14, "fields": {"name": "Syst├¿me d'Informatique 2", "specialization": "isil", "semester": "s5"}}, {"model": "content.course", "pk": 15, "fields": {"name": "ORAD", "specialization": "isil", "semester": "s6"}}, {"model": "content.course", "pk": 16, "fields": {"name": "R├®seaux 2", "specialization": "isil", "semester": "s6"}}, {"model": "content.course", "pk": 17, "fields": {"name": "PFE", "specialization": "isil", "semester": "s6"}}, {"model": "content.course", "pk": 18, "fields": {"name": "G├®nie Logiciel 3", "specialization": "isil", "semester": "s6"}}, {"model": "content.course", "pk": 19, "fields": {"name": "Th├®orie des Graphes", "specialization": "acad", "semester": "s5"}}, {"model": "content.course", "pk": 20, "fields": {"name": "Syst├¿me d'Exploitation 2", "specialization": "acad", "semester": "s5"}}, {"model": "content.course", "pk": 21, "fields": {"name": "R├®seaux", "specialization": "acad", "semester": "s5"}}, {"model": "content.course", "pk": 22, "fields": {"name": "G├®nie Logiciel", "specialization": "acad", "semester": "s5"}}, {"model": "content.course", "pk": 23, "fields": {"name": "Compilation", "specialization": "acad", "semester": "s5"}}, {"model": "content.course", "pk": 24, "fields": {"name": "Anglais 3", "specialization": "acad", "semester": "s5"}}, {"model": "content.course", "pk": 25, "fields": {"name": "Programmation Web", "specialization": "acad", "semester": "s6"}}, {"model": "content.course", "pk": 26, "fields": {"name": "Doc STR", "specialization": "acad", "semester": "s6"}}, {"model": "content.course", "pk": 27, "fields": {"name": "PFP", "specialization": "acad", "semester": "s6"}}, {"model": "content.course", "pk": 28, "fields": {"name": "Admin", "specialization": "acad", "semester": "s6"}}, {"model": "content.videoplaylist", "pk": 12, "fields": {"course": 9, "title": "Compilation Playlist 1", "url": "https://youtube.com/playlist?list=PLSENmhglzJjRNT4RlXr8lB9LbZjcB2Wgl&si=cXjc7iO5bkGSUoZn"}}, {"model": "content.videoplaylist", "pk": 13, "fields": {"course": 9, "title": "Compilation Playlist 2", "url": "https://youtube.com/playlist?list=PLQyCQ7CblbzHbl_oKYcEN8dje_woFTORi&si=RsctQZ67TIxdy6T5"}}, {"model": "content.videoplaylist", "pk": 14, "fields": {"course": 10, "title": "R├®seaux Playlist 1", "url": "https://youtube.com/playlist?list=PLx9305BZWH0QMgCSQnxozrG5-baIrj0Vd&si=GAl7ICVIvQlm2ohi"}}, {"model": "content.videoplaylist", "pk": 15, "fields": {"course": 10, "title": "R├®seaux Playlist 2", "url": "https://youtube.com/playlist?list=PLQyCQ7CblbzEAG7j0_9Tq7zt5H_0ZzR5X&si=5xXwL_bVZ29SSIBn"}}, {"model": "content.videoplaylist", "pk": 16, "fields": {"course": 10, "title": "R├®seaux Playlist 3", "url": "https://youtube.com/playlist?list=PLSENmhglzJjR10lPQk8HOXYADlHqivX9e&si=KrMiCX2otNd19nJl"}}, {"model": "content.videoplaylist", "pk": 17, "fields": {"course": 11, "title": "G├®nie Logiciel 2 Playlist", "url": "https://youtube.com/playlist?list=PLbpBG2OLEPIt6kFEr8fOEbY0uJZoIU8MH&si=gt_EpBvg97CAsUhj"}}, {"model": "content.videoplaylist", "pk": 18, "fields": {"course": 12, "title": "Syst├¿me d'Exploitation 2 Playlist 1", "url": "https://youtube.com/playlist?list=PLQyCQ7CblbzHAB52EQKetfRFm5tZbrGRC&si=d7cFliStFy7QHgUw"}}, {"model": "content.videoplaylist", "pk": 19, "fields": {"course": 12, "title": "Syst├¿me d'Exploitation 2 Playlist 2", "url": "https://youtube.com/playlist?list=PLx9305BZWH0QKonjijZcCZAwuV24_MPZN&si=RNP0C1c31IawUBxc"}}, {"model": "content.videoplaylist", "pk": 20, "fields": {"course": 13, "title": "Base de Donn├®es 2 Playlist", "url": "https://youtube.com/playlist?list=PLbpBG2OLEPIskDw1qPO-G8ZUyyAOiYYTm&si=2CerZpqmnP4plJh9"}}, {"model": "content.videoplaylist", "pk": 21, "fields": {"course": 14, "title": "Syst├¿me d'Informatique 2 Playlist 1", "url": "https://youtube.com/playlist?list=PLbpBG2OLEPIvK46CtzzjmmreYAHFeas99&si=hOilJfNf6s5nrD4u"}}, {"model": "content.videoplaylist", "pk": 22, "fields": {"course": 14, "title": "Syst├¿me d'Informatique 2 Playlist 2", "url": "https://youtube.com/playlist?list=PLx9305BZWH0QuEQcG-5qzpBGFfC0r_QmR&si=hL1a4t3l7LJKBbBS"}}, {"model": "content.videoplaylist", "pk": 23, "fields": {"course": 16, "title": "R├®seaux 2 Playlist", "url": "https://youtube.com/playlist?list=PLbpBG2OLEPIteBeqC80ZVch3TJVdiOrev&si=HwUrsAoYNrkZXrG7"}}, {"model": "content.videoplaylist", "pk": 24, "fields": {"course": 18, "title": "G├®nie Logiciel 3 Playlist", "url": "https://youtube.com/playlist?list=PLbpBG2OLEPIt4WzPPVYGbGe8zRaxXnUao&si=eaafZGDc5z0FhY34"}}, {"model": "content.videoplaylist", "pk": 25, "fields": {"course": 19, "title": "Th├®orie des Graphes Playlist 1", "url": "https://youtube.com/playlist?list=PLQyCQ7CblbzFWmq9d0ETF4IDkJWm_1umE&si=kWedENK4Q33M6uzs"}}, {"model": "content.videoplaylist", "pk": 26, "fields": {"course": 19, "title": "Th├®orie des Graphes Playlist 2", "url": "https://youtube.com/playlist?list=PLbpBG2OLEPIsiJFlOYOsNGbeNuP8IS8-o&si=IdqithvB0Q2qulB9"}}, {"model": "content.videoplaylist", "pk": 27, "fields": {"course": 19, "title": "Th├®orie des Graphes Playlist 3", "url": "https://youtube.com/playlist?list=PLx9305BZWH0Qws8o7z9vkK9EtLUJM_OHJ&si=k2LZViSAyyyQ1qyI"}}, {"model": "content.videoplaylist", "pk": 28, "fields": {"course": 20, "title": "Syst├¿me d'Exploitation 2 Playlist 1", "url": "https://youtube.com/playlist?list=PLQyCQ7CblbzHAB52EQKetfRFm5tZbrGRC&si=d7cFliStFy7QHgUw"}}, {"model": "content.videoplaylist", "pk": 29, "fields": {"course": 20, "title": "Syst├¿me d'Exploitation 2 Playlist 2", "url": "https://youtube.com/playlist?list=PLx9305BZWH0QKonjijZcCZAwuV24_MPZN&si=RNP0C1c31IawUBxc"}}, {"model": "content.videoplaylist", "pk": 30, "fields": {"course": 21, "title": "R├®seaux Playlist 1", "url": "https://youtube.com/playlist?list=PLx9305BZWH0QMgCSQnxozrG5-baIrj0Vd&si=GAl7ICVIvQlm2ohi"}}, {"model": "content.videoplaylist", "pk": 31, "fields": {"course": 21, "title": "R├®seaux Playlist 2", "url": "https://youtube.com/playlist?list=PLQyCQ7CblbzEAG7j0_9Tq7zt5H_0ZzR5X&si=5xXWL_bVZ29SSIBn"}}, {"model": "content.videoplaylist", "pk": 32, "fields": {"course": 21, "title": "R├®seaux Playlist 3", "url": "https://youtube.com/playlist?list=PLSENmhglzJjR10lPQk8HOXYADlHqivX9e&si=KrMiCX2otNd19nJl"}}, {"model": "content.videoplaylist", "pk": 33, "fields": {"course": 22, "title": "G├®nie Logiciel Playlist 1", "url": "https://youtube.com/playlist?list=PLSENmhglzJjRo7ziNTHkAq9YTezFxtYob&si=Kn41fref4nmf-1y1"}}, {"model": "content.videoplaylist", "pk": 34, "fields": {"course": 22, "title": "G├®nie Logiciel Playlist 2", "url": "https://youtube.com/playlist?list=PLQyCQ7CblbzFgIsYqB7wXQxrqcWyylFxc&si=vKcgnkSm6-3kGp2o"}}, {"model": "content.videoplaylist", "pk": 35, "fields": {"course": 22, "title": "G├®nie Logiciel Playlist 3", "url": "https://youtube.com/playlist?list=PLbpBG2OLEPItQz1M8XymauMPF7q2zf2AZ&si=aCHTNU4gqTmU1_E3"}}, {"model": "content.videoplaylist", "pk": 36, "fields": {"course": 23, "title": "Compilation Playlist 1", "url": "https://youtube.com/playlist?list=PLSENmhglzJjRNT4RlXr8lB9LbZjcB2Wgl&si=cXjc7iO5bkGSUoZn"}}, {"model": "content.videoplaylist", "pk": 37, "fields": {"course": 23, "title": "Compilation Playlist 2", "url": "https://youtube.com/playlist?list=PLQyCQ7CblbzHbl_oKYcEN8dje_woFTORi&si=RsctQZ67TIxdy6T5"}}, {"model": "content.videoplaylist", "pk": 38, "fields": {"course": 24, "title": "Anglais 3 Playlist", "url": "https://youtube.com/playlist?list=PLQyCQ7CblbzHf9_j0j5Y9oUiyYcScd8VC&si=sER3yR3XHzB6zc2z"}}, {"model": "content.videoplaylist", "pk": 39, "fields": {"course": 25, "title": "Programmation Web Playlist 1", "url": "https://youtube.com/playlist?list=PLbpBG2OLEPIu59JDvKzkJGtBAdZNdZ5mu&si=noi48A9WWXDTKNdF"}}, {"model": "content.videoplaylist", "pk": 40, "fields": {"course": 25, "title": "Programmation Web Playlist 2", "url": "https://youtube.com/playlist?list=PLSENmhglzJjTk1cfzvCsWrxKng1GTkOxn&si=IcaL2OJgXDfkHfFb"}}, {"model": "content.examresource", "pk": 12, "fields": {"name": "G├®nie Logiciel 2", "specialization": "isil", "url": "https://drive.google.com/drive/folders/1jIsqQ0BkFxTPmuwkMdz4jHWKFmv-4CGP"}}, {"model": "content.examresource", "pk": 13, "fields": {"name": "Syst├¿me d'Exploitation 2", "specialization": "isil", "url": "https://drive.google.com/drive/folders/1Meq9p2v08Vc-vljtDHbp8XzpoIq7CEL1"}}, {"model": "content.examresource", "pk": 14, "fields": {"name": "Base de Donn├®es 2", "specialization": "isil", "url": "https://drive.google.com/drive/folders/1okK0QiXtTTHmdGeFDTcfUxI4AZ5qNq6_"}}, {"model": "content.examresource", "pk": 15, "fields": {"name": "Syst├¿me d'Informatique 2", "specialization": "isil", "url": "https://drive.google.com/drive/folders/1qxTYiMMlvOcVrUOl2zWVuMHxHulS-0qQ"}}, {"model": "content.examresource", "pk": 16, "fields": {"name": "R├®seaux 1", "specialization": "isil", "url": "https://drive.google.com/drive/folders/1yoq6V6W0FvktJ4RgjO_3uhRdJEwJwvg0"}}, {"model": "content.examresource", "pk": 17, "fields": {"name": "Compilation", "specialization": "isil", "url": "https://drive.google.com/drive/folders/1Lx-yQvpCv7T9b-8XJflRGxG7tS3cKLd2"}}, {"model": "content.examresource", "pk": 18, "fields": {"name": "Th├®orie de Graphe", "specialization": "acad", "url": "https://drive.google.com/drive/folders/1bk1WqjIljIUKrYqpIo7kctetD6ixNjXq"}}, {"model": "content.examresource", "pk": 19, "fields": {"name": "Syst├¿me d'Exploitation 2", "specialization": "acad", "url": "https://drive.google.com/drive/folders/1Meq9p2v08Vc-vljtDHbp8XzpoIq7CEL1"}}, {"model": "content.examresource", "pk": 20, "fields": {"name": "R├®seaux", "specialization": "acad", "url": "https://drive.google.com/drive/folders/1yoq6V6W0FvktJ4RgjO_3uhRdJEwJwvg0"}}, {"model": "content.examresource", "pk": 21, "fields": {"name": "G├®nie Logiciel", "specialization": "acad", "url": "https://drive.google.com/drive/folders/1F69Eif1Hyp5ubziUBCWm_O_TzVIkGWV_"}}, {"model": "content.examresource", "pk": 22, "fields": {"name": "Compilation", "specialization": "acad", "url": "https://drive.google.com/drive/folders/1Lx-yQvpCv7T9b-8XJflRGxG7tS3cKLd2"}}, {"model": "admin.logentry", "pk": 1, "fields": {"action_time": "2025-08-12T23:48:09.364Z", "user": ["admin"], "content_type": ["store", "product"], "object_id": "78", "object_repr": "SpecCheck Air 13 - SC-A13", "action_flag": 2, "change_message": "[{\"changed\": {\"fields\": [\"Image\", \"Price\"]}}]"}}, {"model": "admin.logentry", "pk": 2, "fields": {"action_time": "2025-08-12T23:51:21.285Z", "user": ["admin"], "content_type": ["store", "product"], "object_id": "78", "object_repr": "mac Air 13 - SC-A13", "action_flag": 2, "change_message": "[{\"changed\": {\"fields\": [\"Title\", \"Image\"]}}]"}}, {"model": "admin.logentry", "pk": 3, "fields": {"action_time": "2025-08-13T00:26:09.689Z", "user": ["admin"], "content_type": ["store", "product"], "object_id": "77", "object_repr": "SpecCheck Dev 15 - SC-D15-LNX", "action_flag": 2, "change_message": "[{\"changed\": {\"fields\": [\"Image\"]}}]"}}, {"model": "admin.logentry", "pk": 4, "fields": {"action_time": "2025-08-13T00:26:10.612Z", "user": ["admin"], "content_type": ["store", "product"], "object_id": "77", "object_repr": "SpecCheck Dev 15 - SC-D15-LNX", "action_flag": 2, "change_message": "[{\"changed\": {\"fields\": [\"Image\"]}}]"}}, {"model": "admin.logentry", "pk": 5, "fields": {"action_time": "2025-08-13T07:45:42.185Z", "user": ["admin"], "content_type": ["store", "product"], "object_id": "78", "object_repr": "mac Air 13 - SC-A13", "action_flag": 2, "change_message": "[{\"changed\": {\"fields\": [\"Image\"]}}]"}}, {"model": "admin.logentry", "pk": 6, "fields": {"action_time": "2025-08-13T10:45:34.397Z", "user": ["admin"], "content_type": ["store", "product"], "object_id": "75", "object_repr": "SpecCheck Creator 16 - SC-C16-OLED", "action_flag": 2, "change_message": "[{\"changed\": {\"fields\": [\"Image\", \"Price\"]}}]"}}, {"model": "admin.logentry", "pk": 7, "fields": {"action_time": "2025-08-13T10:46:02.413Z", "user": ["admin"], "content_type": ["store", "product"], "object_id": "76", "object_repr": "SpecCheck Student 13 - SC-S13", "action_flag": 2, "change_message": "[{\"changed\": {\"fields\": [\"Image\"]}}]"}}, {"model": "admin.logentry", "pk": 8, "fields": {"action_time": "2025-08-13T10:46:56.561Z", "user": ["admin"], "content_type": ["store", "product"], "object_id": "73", "object_repr": "SpecCheck Pro 14 - SC-P14-2025", "action_flag": 2, "change_message": "[{\"changed\": {\"fields\": [\"Image\"]}}]"}}, {"model": "admin.logentry", "pk": 9, "fields": {"action_time": "2025-08-13T10:47:42.391Z", "user": ["admin"], "content_type": ["store", "product"], "object_id": "74", "object_repr": "SpecCheck Gamer 15 - SC-G15-RTX", "action_flag": 2, "change_message": "[{\"changed\": {\"fields\": [\"Image\"]}}]"}}, {"model": "admin.logentry", "pk": 10, "fields": {"action_time": "2025-08-13T10:49:27.397Z", "user": ["admin"], "content_type": ["store", "product"], "object_id": "78", "object_repr": "mac Air 13 - SC-A13", "action_flag": 2, "change_message": "[{\"changed\": {\"fields\": [\"Image\"]}}]"}}, {"model": "admin.logentry", "pk": 11, "fields": {"action_time": "2025-08-13T10:50:49.671Z", "user": ["admin"], "content_type": ["store", "product"], "object_id": "2", "object_repr": "SpecCheck Gamer 15 - SC-G15-RTX", "action_flag": 2, "change_message": "[{\"changed\": {\"fields\": [\"Image\"]}}]"}}, {"model": "admin.logentry", "pk": 12, "fields": {"action_time": "2025-08-13T10:51:14.101Z", "user": ["admin"], "content_type": ["store", "product"], "object_id": "1", "object_repr": "SpecCheck Pro 14 - SC-P14-2025", "action_flag": 2, "change_message": "[{\"changed\": {\"fields\": [\"Image\"]}}]"}}, {"model": "admin.logentry", "pk": 13, "fields": {"action_time": "2025-08-13T10:52:15.071Z", "user": ["admin"], "content_type": ["store", "product"], "object_id": "3", "object_repr": "SpecCheck Creator 16 - SC-C16-OLED", "action_flag": 2, "change_message": "[{\"changed\": {\"fields\": [\"Image\"]}}]"}}, {"model": "admin.logentry", "pk": 14, "fields": {"action_time": "2025-08-13T10:52:44.635Z", "user": ["admin"], "content_type": ["store", "product"], "object_id": "5", "object_repr": "SpecCheck Dev 15 - SC-D15-LNX", "action_flag": 2, "change_message": "[{\"changed\": {\"fields\": [\"Image\"]}}]"}}, {"model": "admin.logentry", "pk": 15, "fields": {"action_time": "2025-08-13T10:53:38.221Z", "user": ["admin"], "content_type": ["store", "product"], "object_id": "77", "object_repr": "SpecCheck Dev 15 - SC-D15-LNX", "action_flag": 2, "change_message": "[{\"changed\": {\"fields\": [\"Image\"]}}]"}}, {"model": "admin.logentry", "pk": 16, "fields": {"action_time": "2025-08-13T10:54:40.829Z", "user": ["admin"], "content_type": ["store", "product"], "object_id": "1", "object_repr": "SpecCheck Pro 14 - SC-P14-2025", "action_flag": 2, "change_message": "[{\"changed\": {\"fields\": [\"Image\", \"Price\"]}}]"}}, {"model": "admin.logentry", "pk": 17, "fields": {"action_time": "2025-08-13T10:54:59.367Z", "user": ["admin"], "content_type": ["store", "product"], "object_id": "77", "object_repr": "SpecCheck Dev 15 - SC-D15-LNX", "action_flag": 2, "change_message": "[{\"changed\": {\"fields\": [\"Price\"]}}]"}}, {"model": "admin.logentry", "pk": 18, "fields": {"action_time": "2025-08-13T10:55:12.984Z", "user": ["admin"], "content_type": ["store", "product"], "object_id": "76", "object_repr": "SpecCheck Student 13 - SC-S13", "action_flag": 2, "change_message": "[{\"changed\": {\"fields\": [\"Price\"]}}]"}}, {"model": "admin.logentry", "pk": 19, "fields": {"action_time": "2025-08-13T10:55:26.508Z", "user": ["admin"], "content_type": ["store", "product"], "object_id": "75", "object_repr": "SpecCheck Creator 16 - SC-C16-OLED", "action_flag": 2, "change_message": "[]"}}, {"model": "admin.logentry", "pk": 20, "fields": {"action_time": "2025-08-13T10:55:39.111Z", "user": ["admin"], "content_type": ["store", "product"], "object_id": "74", "object_repr": "SpecCheck Gamer 15 - SC-G15-RTX", "action_flag": 2, "change_message": "[{\"changed\": {\"fields\": [\"Price\"]}}]"}}, {"model": "admin.logentry", "pk": 21, "fields": {"action_time": "2025-08-13T10:55:51.962Z", "user": ["admin"], "content_type": ["store", "product"], "object_id": "73", "object_repr": "SpecCheck Pro 14 - SC-P14-2025", "action_flag": 2, "change_message": "[{\"changed\": {\"fields\": [\"Price\"]}}]"}}, {"model": "admin.logentry", "pk": 22, "fields": {"action_time": "2025-08-13T10:56:17.870Z", "user": ["admin"], "content_type": ["store", "product"], "object_id": "6", "object_repr": "SpecCheck Air 13 - SC-A13", "action_flag": 2, "change_message": "[{\"changed\": {\"fields\": [\"Price\"]}}]"}}, {"model": "admin.logentry", "pk": 23, "fields": {"action_time": "2025-08-13T10:56:27.896Z", "user": ["admin"], "content_type": ["store", "product"], "object_id": "5", "object_repr": "SpecCheck Dev 15 - SC-D15-LNX", "action_flag": 2, "change_message": "[{\"changed\": {\"fields\": [\"Price\"]}}]"}}, {"model": "admin.logentry", "pk": 24, "fields": {"action_time": "2025-08-13T10:56:43.199Z", "user": ["admin"], "content_type": ["store", "product"], "object_id": "4", "object_repr": "SpecCheck Student 13 - SC-S13", "action_flag": 2, "change_message": "[{\"changed\": {\"fields\": [\"Price\"]}}]"}}, {"model": "admin.logentry", "pk": 25, "fields": {"action_time": "2025-08-13T10:56:58.578Z", "user": ["admin"], "content_type": ["store", "product"], "object_id": "3", "object_repr": "SpecCheck Creator 16 - SC-C16-OLED", "action_flag": 2, "change_message": "[{\"changed\": {\"fields\": [\"Price\"]}}]"}}, {"model": "admin.logentry", "pk": 26, "fields": {"action_time": "2025-08-13T10:57:31.464Z", "user": ["admin"], "content_type": ["store", "product"], "object_id": "2", "object_repr": "SpecCheck Gamer 15 - SC-G15-RTX", "action_flag": 2, "change_message": "[{\"changed\": {\"fields\": [\"Price\"]}}]"}}, {"model": "admin.logentry", "pk": 27, "fields": {"action_time": "2025-08-13T11:39:15.000Z", "user": ["admin"], "content_type": ["store", "product"], "object_id": "78", "object_repr": "mac Air 13 - SC-A13", "action_flag": 2, "change_message": "[]"}}, {"model": "admin.logentry", "pk": 28, "fields": {"action_time": "2025-08-13T11:39:50.853Z", "user": ["admin"], "content_type": ["store", "product"], "object_id": "5", "object_repr": "SpecCheck Dev 15 - SC-D15-LNX", "action_flag": 2, "change_message": "[]"}}, {"model": "admin.logentry", "pk": 29, "fields": {"action_time": "2025-08-13T12:07:14.810Z", "user": ["admin"], "content_type": ["store", "product"], "object_id": "4", "object_repr": "SpecCheck Student 13 - SC-S13", "action_flag": 2, "change_message": "[{\"changed\": {\"fields\": [\"Price\"]}}]"}}, {"model": "admin.logentry", "pk": 30, "fields": {"action_time": "2025-08-13T12:08:43.409Z", "user": ["admin"], "content_type": ["store", "product"], "object_id": "2", "object_repr": "SpecCheck Gamer 15 - SC-G15-RTX", "action_flag": 2, "change_message": "[{\"changed\": {\"fields\": [\"Image\"]}}]"}}, {"model": "admin.logentry", "pk": 31, "fields": {"action_time": "2025-08-13T12:10:34.011Z", "user": ["admin"], "content_type": ["store", "product"], "object_id": "73", "object_repr": "SpecCheck Pro 14 - SC-P14-2025", "action_flag": 2, "change_message": "[]"}}, {"model": "admin.logentry", "pk": 32, "fields": {"action_time": "2025-08-13T12:11:39.277Z", "user": ["admin"], "content_type": ["store", "product"], "object_id": "78", "object_repr": "mac Air 13 - SC-A13", "action_flag": 2, "change_message": "[{\"changed\": {\"fields\": [\"Image\"]}}]"}}, {"model": "admin.logentry", "pk": 33, "fields": {"action_time": "2025-08-13T12:12:16.052Z", "user": ["admin"], "content_type": ["store", "product"], "object_id": "2", "object_repr": "SpecCheck Gamer 15 - SC-G15-RTX", "action_flag": 2, "change_message": "[{\"changed\": {\"fields\": [\"Image\"]}}]"}}, {"model": "admin.logentry", "pk": 34, "fields": {"action_time": "2025-08-13T12:12:37.946Z", "user": ["admin"], "content_type": ["store", "product"], "object_id": "3", "object_repr": "SpecCheck Creator 16 - SC-C16-OLED", "action_flag": 2, "change_message": "[{\"changed\": {\"fields\": [\"Image\"]}}]"}}, {"model": "admin.logentry", "pk": 35, "fields": {"action_time": "2025-08-13T13:07:25.447Z", "user": ["admin"], "content_type": ["store", "product"], "object_id": "78", "object_repr": "mac Air 13 - SC-A13", "action_flag": 2, "change_message": "[{\"changed\": {\"fields\": [\"Image\"]}}]"}}, {"model": "admin.logentry", "pk": 36, "fields": {"action_time": "2025-08-13T13:13:13.615Z", "user": ["admin"], "content_type": ["store", "product"], "object_id": "77", "object_repr": "SpecCheck Dev 15 - SC-D15-LNX", "action_flag": 2, "change_message": "[{\"changed\": {\"fields\": [\"Image\"]}}]"}}, {"model": "admin.logentry", "pk": 37, "fields": {"action_time": "2025-08-13T13:15:45.018Z", "user": ["admin"], "content_type": ["store", "product"], "object_id": "7", "object_repr": "SpecCheck Ultra 17 - SC-U17-PRO", "action_flag": 2, "change_message": "[{\"changed\": {\"fields\": [\"Image\"]}}]"}}, {"model": "admin.logentry", "pk": 38, "fields": {"action_time": "2025-08-13T13:16:36.858Z", "user": ["admin"], "content_type": ["store", "product"], "object_id": "12", "object_repr": "SpecCheck Hybrid 13 - SC-H13-2IN1", "action_flag": 2, "change_message": "[{\"changed\": {\"fields\": [\"Image\"]}}]"}}, {"model": "admin.logentry", "pk": 39, "fields": {"action_time": "2025-08-13T13:18:01.492Z", "user": ["admin"], "content_type": ["store", "product"], "object_id": "1", "object_repr": "SpecCheck Pro 14 - SC-P14-2025", "action_flag": 2, "change_message": "[{\"changed\": {\"fields\": [\"Image\"]}}]"}}, {"model": "admin.logentry", "pk": 40, "fields": {"action_time": "2025-08-13T13:52:50.104Z", "user": ["admin"], "content_type": ["store", "product"], "object_id": "78", "object_repr": "mac Air 13 - SC-A13", "action_flag": 2, "change_message": "[{\"changed\": {\"fields\": [\"Image\"]}}]"}}, {"model": "admin.logentry", "pk": 41, "fields": {"action_time": "2025-08-13T13:53:44.877Z", "user": ["admin"], "content_type": ["store", "product"], "object_id": "5", "object_repr": "SpecCheck Dev 15 - SC-D15-LNX", "action_flag": 2, "change_message": "[{\"changed\": {\"fields\": [\"Image\"]}}]"}}, {"model": "admin.logentry", "pk": 42, "fields": {"action_time": "2025-08-13T13:54:53.720Z", "user": ["admin"], "content_type": ["store", "product"], "object_id": "3", "object_repr": "SpecCheck Creator 16 - SC-C16-OLED", "action_flag": 2, "change_message": "[{\"changed\": {\"fields\": [\"Image\"]}}]"}}, {"model": "admin.logentry", "pk": 43, "fields": {"action_time": "2025-08-13T13:56:33.628Z", "user": ["admin"], "content_type": ["store", "product"], "object_id": "6", "object_repr": "SpecCheck Air 13 - SC-A13", "action_flag": 2, "change_message": "[{\"changed\": {\"fields\": [\"Image\"]}}]"}}, {"model": "admin.logentry", "pk": 44, "fields": {"action_time": "2025-08-13T13:57:26.101Z", "user": ["admin"], "content_type": ["store", "product"], "object_id": "10", "object_repr": "SpecCheck Mini 11 - SC-M11-ULTRA", "action_flag": 2, "change_message": "[{\"changed\": {\"fields\": [\"Image\"]}}]"}}, {"model": "admin.logentry", "pk": 45, "fields": {"action_time": "2025-08-13T14:11:05.498Z", "user": ["admin"], "content_type": ["store", "product"], "object_id": "78", "object_repr": "mac Air 13 - SC-A13", "action_flag": 2, "change_message": "[]"}}, {"model": "admin.logentry", "pk": 46, "fields": {"action_time": "2025-08-13T14:11:58.952Z", "user": ["admin"], "content_type": ["store", "product"], "object_id": "77", "object_repr": "SpecCheck Dev 15 - SC-D15-LNX", "action_flag": 2, "change_message": "[]"}}, {"model": "admin.logentry", "pk": 47, "fields": {"action_time": "2025-08-13T14:12:05.885Z", "user": ["admin"], "content_type": ["store", "product"], "object_id": "76", "object_repr": "SpecCheck Student 13 - SC-S13", "action_flag": 2, "change_message": "[]"}}, {"model": "admin.logentry", "pk": 48, "fields": {"action_time": "2025-08-13T14:15:29.158Z", "user": ["admin"], "content_type": ["store", "product"], "object_id": "79", "object_repr": "SpecCheck Dev 15 - SC-D15-LNX", "action_flag": 1, "change_message": "[{\"added\": {}}]"}}, {"model": "admin.logentry", "pk": 49, "fields": {"action_time": "2025-08-13T14:16:32.595Z", "user": ["admin"], "content_type": ["store", "product"], "object_id": "77", "object_repr": "SpecCheck Dev 15 - SC-D15-LNX", "action_flag": 3, "change_message": ""}}, {"model": "admin.logentry", "pk": 50, "fields": {"action_time": "2025-08-13T14:18:48.282Z", "user": ["admin"], "content_type": ["store", "product"], "object_id": "78", "object_repr": "mac Air 13 - SC-A13", "action_flag": 3, "change_message": ""}}, {"model": "admin.logentry", "pk": 51, "fields": {"action_time": "2025-08-13T14:18:54.189Z", "user": ["admin"], "content_type": ["store", "product"], "object_id": "80", "object_repr": "mac Air 13 - SC-A13", "action_flag": 1, "change_message": "[{\"added\": {}}]"}}, {"model": "admin.logentry", "pk": 52, "fields": {"action_time": "2025-08-13T14:21:46.794Z", "user": ["admin"], "content_type": ["store", "product"], "object_id": "81", "object_repr": "SpecCheck Student 13 - SC-S13", "action_flag": 1, "change_message": "[{\"added\": {}}]"}}, {"model": "admin.logentry", "pk": 53, "fields": {"action_time": "2025-08-13T14:21:50.454Z", "user": ["admin"], "content_type": ["store", "product"], "object_id": "76", "object_repr": "SpecCheck Student 13 - SC-S13", "action_flag": 3, "change_message": ""}}, {"model": "admin.logentry", "pk": 54, "fields": {"action_time": "2025-08-13T14:23:36.875Z", "user": ["admin"], "content_type": ["store", "product"], "object_id": "82", "object_repr": "SpecCheck Creator 16 - SC-C16-OLED", "action_flag": 1, "change_message": "[{\"added\": {}}]"}}, {"model": "admin.logentry", "pk": 55, "fields": {"action_time": "2025-08-13T14:23:55.543Z", "user": ["admin"], "content_type": ["store", "product"], "object_id": "75", "object_repr": "SpecCheck Creator 16 - SC-C16-OLED", "action_flag": 3, "change_message": ""}}, {"model": "admin.logentry", "pk": 56, "fields": {"action_time": "2025-08-13T14:25:29.604Z", "user": ["admin"], "content_type": ["store", "product"], "object_id": "83", "object_repr": "SpecCheck Gamer 15 - SC-G15-RTX", "action_flag": 1, "change_message": "[{\"added\": {}}]"}}, {"model": "admin.logentry", "pk": 57, "fields": {"action_time": "2025-08-13T14:25:36.389Z", "user": ["admin"], "content_type": ["store", "product"], "object_id": "74", "object_repr": "SpecCheck Gamer 15 - SC-G15-RTX", "action_flag": 3, "change_message": ""}}, {"model": "admin.logentry", "pk": 58, "fields": {"action_time": "2025-08-13T14:27:21.089Z", "user": ["admin"], "content_type": ["store", "product"], "object_id": "84", "object_repr": "SpecCheck Pro 14 - SC-P14-2025", "action_flag": 1, "change_message": "[{\"added\": {}}]"}}, {"model": "admin.logentry", "pk": 59, "fields": {"action_time": "2025-08-13T14:27:24.593Z", "user": ["admin"], "content_type": ["store", "product"], "object_id": "73", "object_repr": "SpecCheck Pro 14 - SC-P14-2025", "action_flag": 3, "change_message": ""}}, {"model": "admin.logentry", "pk": 60, "fields": {"action_time": "2025-08-13T14:29:08.848Z", "user": ["admin"], "content_type": ["store", "product"], "object_id": "85", "object_repr": "SpecCheck Hybrid 13 - SC-H13-2IN1", "action_flag": 1, "change_message": "[{\"added\": {}}]"}}, {"model": "admin.logentry", "pk": 61, "fields": {"action_time": "2025-08-13T14:29:13.017Z", "user": ["admin"], "content_type": ["store", "product"], "object_id": "12", "object_repr": "SpecCheck Hybrid 13 - SC-H13-2IN1", "action_flag": 3, "change_message": ""}}, {"model": "admin.logentry", "pk": 62, "fields": {"action_time": "2025-08-13T14:30:57.417Z", "user": ["admin"], "content_type": ["store", "product"], "object_id": "86", "object_repr": "SpecCheck Workstation 16 - SC-W16-XEON", "action_flag": 1, "change_message": "[{\"added\": {}}]"}}, {"model": "admin.logentry", "pk": 63, "fields": {"action_time": "2025-08-13T14:31:01.758Z", "user": ["admin"], "content_type": ["store", "product"], "object_id": "11", "object_repr": "SpecCheck Workstation 16 - SC-W16-XEON", "action_flag": 3, "change_message": ""}}, {"model": "admin.logentry", "pk": 64, "fields": {"action_time": "2025-08-13T14:32:57.937Z", "user": ["admin"], "content_type": ["store", "product"], "object_id": "87", "object_repr": "SpecCheck Mini 11 - SC-M11-ULTRA", "action_flag": 1, "change_message": "[{\"added\": {}}]"}}, {"model": "admin.logentry", "pk": 65, "fields": {"action_time": "2025-08-13T14:33:01.312Z", "user": ["admin"], "content_type": ["store", "product"], "object_id": "10", "object_repr": "SpecCheck Mini 11 - SC-M11-ULTRA", "action_flag": 3, "change_message": ""}}, {"model": "admin.logentry", "pk": 66, "fields": {"action_time": "2025-08-13T14:35:15.996Z", "user": ["admin"], "content_type": ["store", "product"], "object_id": "88", "object_repr": "SpecCheck Streamer 15 - SC-S15-RTX", "action_flag": 1, "change_message": "[{\"added\": {}}]"}}, {"model": "admin.logentry", "pk": 67, "fields": {"action_time": "2025-08-13T14:35:20.173Z", "user": ["admin"], "content_type": ["store", "product"], "object_id": "9", "object_repr": "SpecCheck Streamer 15 - SC-S15-RTX", "action_flag": 3, "change_message": ""}}, {"model": "admin.logentry", "pk": 68, "fields": {"action_time": "2025-08-13T14:38:02.655Z", "user": ["admin"], "content_type": ["store", "product"], "object_id": "89", "object_repr": "SpecCheck Business 14 - SC-B14-ENT", "action_flag": 1, "change_message": "[{\"added\": {}}]"}}, {"model": "admin.logentry", "pk": 69, "fields": {"action_time": "2025-08-13T14:38:10.177Z", "user": ["admin"], "content_type": ["store", "product"], "object_id": "8", "object_repr": "SpecCheck Business 14 - SC-B14-ENT", "action_flag": 3, "change_message": ""}}, {"model": "admin.logentry", "pk": 70, "fields": {"action_time": "2025-08-13T14:40:25.097Z", "user": ["admin"], "content_type": ["store", "product"], "object_id": "90", "object_repr": "SpecCheck Ultra 17 - SC-U17-PRO", "action_flag": 1, "change_message": "[{\"added\": {}}]"}}, {"model": "admin.logentry", "pk": 71, "fields": {"action_time": "2025-08-13T14:40:31.905Z", "user": ["admin"], "content_type": ["store", "product"], "object_id": "7", "object_repr": "SpecCheck Ultra 17 - SC-U17-PRO", "action_flag": 3, "change_message": ""}}, {"model": "admin.logentry", "pk": 72, "fields": {"action_time": "2025-08-13T14:43:01.304Z", "user": ["admin"], "content_type": ["store", "product"], "object_id": "91", "object_repr": "SpecCheck Air 13 - SC-A13", "action_flag": 1, "change_message": "[{\"added\": {}}]"}}, {"model": "admin.logentry", "pk": 73, "fields": {"action_time": "2025-08-13T14:43:07.686Z", "user": ["admin"], "content_type": ["store", "product"], "object_id": "6", "object_repr": "SpecCheck Air 13 - SC-A13", "action_flag": 3, "change_message": ""}}, {"model": "admin.logentry", "pk": 74, "fields": {"action_time": "2025-08-13T14:45:30.211Z", "user": ["admin"], "content_type": ["store", "product"], "object_id": "92", "object_repr": "SpecCheck Pro 14 - SC-P14-2025", "action_flag": 1, "change_message": "[{\"added\": {}}]"}}, {"model": "admin.logentry", "pk": 75, "fields": {"action_time": "2025-08-13T14:45:37.885Z", "user": ["admin"], "content_type": ["store", "product"], "object_id": "1", "object_repr": "SpecCheck Pro 14 - SC-P14-2025", "action_flag": 3, "change_message": ""}}, {"model": "admin.logentry", "pk": 76, "fields": {"action_time": "2025-08-13T14:48:20.072Z", "user": ["admin"], "content_type": ["store", "product"], "object_id": "93", "object_repr": "SpecCheck Creator 16 - SC-C16-OLED", "action_flag": 1, "change_message": "[{\"added\": {}}]"}}, {"model": "admin.logentry", "pk": 77, "fields": {"action_time": "2025-08-13T14:48:28.466Z", "user": ["admin"], "content_type": ["store", "product"], "object_id": "3", "object_repr": "SpecCheck Creator 16 - SC-C16-OLED", "action_flag": 3, "change_message": ""}}, {"model": "admin.logentry", "pk": 78, "fields": {"action_time": "2025-08-13T14:49:31.208Z", "user": ["admin"], "content_type": ["store", "product"], "object_id": "2", "object_repr": "SpecCheck Gamer 15 - SC-G15-RTX", "action_flag": 2, "change_message": "[{\"changed\": {\"fields\": [\"Image\", \"Price\"]}}]"}}, {"model": "admin.logentry", "pk": 79, "fields": {"action_time": "2025-08-13T14:50:56.351Z", "user": ["admin"], "content_type": ["store", "product"], "object_id": "5", "object_repr": "SpecCheck Dev 15 - SC-D15-LNX", "action_flag": 2, "change_message": "[{\"changed\": {\"fields\": [\"Image\"]}}]"}}, {"model": "admin.logentry", "pk": 80, "fields": {"action_time": "2025-08-13T14:51:17.468Z", "user": ["admin"], "content_type": ["store", "product"], "object_id": "4", "object_repr": "SpecCheck Student 13 - SC-S13", "action_flag": 2, "change_message": "[{\"changed\": {\"fields\": [\"Image\"]}}]"}}, {"model": "admin.logentry", "pk": 81, "fields": {"action_time": "2025-08-13T16:47:26.158Z", "user": ["admin"], "content_type": ["store", "product"], "object_id": "93", "object_repr": "SpecCheck Creator 16 - SC-C16-OLED", "action_flag": 2, "change_message": "[{\"changed\": {\"fields\": [\"Image\"]}}]"}}, {"model": "admin.logentry", "pk": 82, "fields": {"action_time": "2025-08-13T16:49:16.436Z", "user": ["admin"], "content_type": ["store", "product"], "object_id": "92", "object_repr": "SpecCheck Pro 14 - SC-P14-2025", "action_flag": 2, "change_message": "[{\"changed\": {\"fields\": [\"Image\"]}}]"}}, {"model": "admin.logentry", "pk": 83, "fields": {"action_time": "2025-08-13T16:50:50.792Z", "user": ["admin"], "content_type": ["store", "product"], "object_id": "91", "object_repr": "SpecCheck Air 13 - SC-A13", "action_flag": 2, "change_message": "[{\"changed\": {\"fields\": [\"Image\"]}}]"}}, {"model": "admin.logentry", "pk": 84, "fields": {"action_time": "2025-08-13T16:51:12.845Z", "user": ["admin"], "content_type": ["store", "product"], "object_id": "90", "object_repr": "SpecCheck Ultra 17 - SC-U17-PRO", "action_flag": 2, "change_message": "[{\"changed\": {\"fields\": [\"Image\"]}}]"}}, {"model": "admin.logentry", "pk": 85, "fields": {"action_time": "2025-08-13T16:51:46.766Z", "user": ["admin"], "content_type": ["store", "product"], "object_id": "89", "object_repr": "SpecCheck Business 14 - SC-B14-ENT", "action_flag": 2, "change_message": "[{\"changed\": {\"fields\": [\"Image\"]}}]"}}, {"model": "admin.logentry", "pk": 86, "fields": {"action_time": "2025-08-13T16:52:07.775Z", "user": ["admin"], "content_type": ["store", "product"], "object_id": "88", "object_repr": "SpecCheck Streamer 15 - SC-S15-RTX", "action_flag": 2, "change_message": "[{\"changed\": {\"fields\": [\"Image\"]}}]"}}, {"model": "admin.logentry", "pk": 87, "fields": {"action_time": "2025-08-13T16:52:28.431Z", "user": ["admin"], "content_type": ["store", "product"], "object_id": "87", "object_repr": "SpecCheck Mini 11 - SC-M11-ULTRA", "action_flag": 2, "change_message": "[{\"changed\": {\"fields\": [\"Image\"]}}]"}}, {"model": "admin.logentry", "pk": 88, "fields": {"action_time": "2025-08-13T16:53:32.389Z", "user": ["admin"], "content_type": ["store", "product"], "object_id": "86", "object_repr": "SpecCheck Workstation 16 - SC-W16-XEON", "action_flag": 2, "change_message": "[{\"changed\": {\"fields\": [\"Image\"]}}]"}}, {"model": "admin.logentry", "pk": 89, "fields": {"action_time": "2025-08-13T16:53:59.068Z", "user": ["admin"], "content_type": ["store", "product"], "object_id": "85", "object_repr": "SpecCheck Hybrid 13 - SC-H13-2IN1", "action_flag": 2, "change_message": "[{\"changed\": {\"fields\": [\"Image\"]}}]"}}, {"model": "admin.logentry", "pk": 90, "fields": {"action_time": "2025-08-13T16:54:21.719Z", "user": ["admin"], "content_type": ["store", "product"], "object_id": "84", "object_repr": "SpecCheck Pro 14 - SC-P14-2025", "action_flag": 2, "change_message": "[{\"changed\": {\"fields\": [\"Image\"]}}]"}}, {"model": "admin.logentry", "pk": 91, "fields": {"action_time": "2025-08-13T16:54:45.568Z", "user": ["admin"], "content_type": ["store", "product"], "object_id": "83", "object_repr": "SpecCheck Gamer 15 - SC-G15-RTX", "action_flag": 2, "change_message": "[{\"changed\": {\"fields\": [\"Image\"]}}]"}}, {"model": "admin.logentry", "pk": 92, "fields": {"action_time": "2025-08-13T16:55:19.006Z", "user": ["admin"], "content_type": ["store", "product"], "object_id": "82", "object_repr": "SpecCheck Creator 16 - SC-C16-OLED", "action_flag": 2, "change_message": "[{\"changed\": {\"fields\": [\"Image\"]}}]"}}, {"model": "admin.logentry", "pk": 93, "fields": {"action_time": "2025-08-13T16:55:49.352Z", "user": ["admin"], "content_type": ["store", "product"], "object_id": "81", "object_repr": "SpecCheck Student 13 - SC-S13", "action_flag": 2, "change_message": "[{\"changed\": {\"fields\": [\"Image\"]}}]"}}, {"model": "admin.logentry", "pk": 94, "fields": {"action_time": "2025-08-13T16:56:51.930Z", "user": ["admin"], "content_type": ["store", "product"], "object_id": "80", "object_repr": "mac Air 13 - SC-A13", "action_flag": 2, "change_message": "[{\"changed\": {\"fields\": [\"Image\"]}}]"}}, {"model": "admin.logentry", "pk": 95, "fields": {"action_time": "2025-08-13T16:57:33.358Z", "user": ["admin"], "content_type": ["store", "product"], "object_id": "79", "object_repr": "SpecCheck Dev 15 - SC-D15-LNX", "action_flag": 2, "change_message": "[{\"changed\": {\"fields\": [\"Image\"]}}]"}}, {"model": "admin.logentry", "pk": 96, "fields": {"action_time": "2025-08-13T16:59:14.289Z", "user": ["admin"], "content_type": ["store", "product"], "object_id": "12", "object_repr": "SpecCheck Hybrid 13 - SC-H13-2IN1", "action_flag": 2, "change_message": "[{\"changed\": {\"fields\": [\"Price\", \"Image\"]}}]"}}, {"model": "admin.logentry", "pk": 97, "fields": {"action_time": "2025-08-13T16:59:37.938Z", "user": ["admin"], "content_type": ["store", "product"], "object_id": "11", "object_repr": "SpecCheck Workstation 16 - SC-W16-XEON", "action_flag": 2, "change_message": "[{\"changed\": {\"fields\": [\"Image\"]}}]"}}, {"model": "admin.logentry", "pk": 98, "fields": {"action_time": "2025-08-13T17:00:27.747Z", "user": ["admin"], "content_type": ["store", "product"], "object_id": "10", "object_repr": "SpecCheck Mini 11 - SC-M11-ULTRA", "action_flag": 2, "change_message": "[{\"changed\": {\"fields\": [\"Price\", \"Image\"]}}]"}}, {"model": "admin.logentry", "pk": 99, "fields": {"action_time": "2025-08-13T17:01:52.466Z", "user": ["admin"], "content_type": ["store", "product"], "object_id": "11", "object_repr": "SpecCheck Workstation 16 - SC-W16-XEON", "action_flag": 2, "change_message": "[{\"changed\": {\"fields\": [\"Price\"]}}]"}}, {"model": "admin.logentry", "pk": 100, "fields": {"action_time": "2025-08-13T17:03:22.333Z", "user": ["admin"], "content_type": ["store", "product"], "object_id": "9", "object_repr": "SpecCheck Streamer 15 - SC-S15-RTX", "action_flag": 3, "change_message": ""}}, {"model": "admin.logentry", "pk": 101, "fields": {"action_time": "2025-08-13T17:03:22.333Z", "user": ["admin"], "content_type": ["store", "product"], "object_id": "8", "object_repr": "SpecCheck Business 14 - SC-B14-ENT", "action_flag": 3, "change_message": ""}}, {"model": "admin.logentry", "pk": 102, "fields": {"action_time": "2025-08-13T17:03:22.333Z", "user": ["admin"], "content_type": ["store", "product"], "object_id": "7", "object_repr": "SpecCheck Ultra 17 - SC-U17-PRO", "action_flag": 3, "change_message": ""}}, {"model": "admin.logentry", "pk": 103, "fields": {"action_time": "2025-08-13T17:03:22.333Z", "user": ["admin"], "content_type": ["store", "product"], "object_id": "6", "object_repr": "SpecCheck Air 13 - SC-A13", "action_flag": 3, "change_message": ""}}, {"model": "admin.logentry", "pk": 104, "fields": {"action_time": "2025-08-13T17:03:22.333Z", "user": ["admin"], "content_type": ["store", "product"], "object_id": "5", "object_repr": "SpecCheck Dev 15 - SC-D15-LNX", "action_flag": 3, "change_message": ""}}, {"model": "admin.logentry", "pk": 105, "fields": {"action_time": "2025-08-13T17:03:22.333Z", "user": ["admin"], "content_type": ["store", "product"], "object_id": "4", "object_repr": "SpecCheck Student 13 - SC-S13", "action_flag": 3, "change_message": ""}}, {"model": "admin.logentry", "pk": 106, "fields": {"action_time": "2025-08-13T17:03:22.333Z", "user": ["admin"], "content_type": ["store", "product"], "object_id": "3", "object_repr": "SpecCheck Creator 16 - SC-C16-OLED", "action_flag": 3, "change_message": ""}}, {"model": "admin.logentry", "pk": 107, "fields": {"action_time": "2025-08-13T17:03:22.333Z", "user": ["admin"], "content_type": ["store", "product"], "object_id": "2", "object_repr": "SpecCheck Gamer 15 - SC-G15-RTX", "action_flag": 3, "change_message": ""}}, {"model": "admin.logentry", "pk": 108, "fields": {"action_time": "2025-08-13T17:03:22.333Z", "user": ["admin"], "content_type": ["store", "product"], "object_id": "1", "object_repr": "SpecCheck Pro 14 - SC-P14-2025", "action_flag": 3, "change_message": ""}}, {"model": "admin.logentry", "pk": 109, "fields": {"action_time": "2025-08-13T17:05:54.831Z", "user": ["admin"], "content_type": ["store", "product"], "object_id": "93", "object_repr": "SpecCheck Creator 16 - SC-C16-OLED", "action_flag": 2, "change_message": "[{\"changed\": {\"fields\": [\"Image\"]}}]"}}, {"model": "admin.logentry", "pk": 110, "fields": {"action_time": "2025-08-13T17:38:38.099Z", "user": ["admin"], "content_type": ["store", "product"], "object_id": "12", "object_repr": "SpecCheck Hybrid 13 - SC-H13-2IN1", "action_flag": 3, "change_message": ""}}, {"model": "admin.logentry", "pk": 111, "fields": {"action_time": "2025-08-13T17:38:38.099Z", "user": ["admin"], "content_type": ["store", "product"], "object_id": "11", "object_repr": "SpecCheck Workstation 16 - SC-W16-XEON", "action_flag": 3, "change_message": ""}}, {"model": "admin.logentry", "pk": 112, "fields": {"action_time": "2025-08-13T17:38:38.099Z", "user": ["admin"], "content_type": ["store", "product"], "object_id": "10", "object_repr": "SpecCheck Mini 11 - SC-M11-ULTRA", "action_flag": 3, "change_message": ""}}, {"model": "admin.logentry", "pk": 113, "fields": {"action_time": "2025-08-13T17:38:38.099Z", "user": ["admin"], "content_type": ["store", "product"], "object_id": "9", "object_repr": "SpecCheck Streamer 15 - SC-S15-RTX", "action_flag": 3, "change_message": ""}}, {"model": "admin.logentry", "pk": 114, "fields": {"action_time": "2025-08-13T17:38:38.099Z", "user": ["admin"], "content_type": ["store", "product"], "object_id": "8", "object_repr": "SpecCheck Business 14 - SC-B14-ENT", "action_flag": 3, "change_message": ""}}, {"model": "admin.logentry", "pk": 115, "fields": {"action_time": "2025-08-13T17:38:38.099Z", "user": ["admin"], "content_type": ["store", "product"], "object_id": "7", "object_repr": "SpecCheck Ultra 17 - SC-U17-PRO", "action_flag": 3, "change_message": ""}}, {"model": "admin.logentry", "pk": 116, "fields": {"action_time": "2025-08-13T17:38:38.099Z", "user": ["admin"], "content_type": ["store", "product"], "object_id": "6", "object_repr": "SpecCheck Air 13 - SC-A13", "action_flag": 3, "change_message": ""}}, {"model": "admin.logentry", "pk": 117, "fields": {"action_time": "2025-08-13T17:38:38.099Z", "user": ["admin"], "content_type": ["store", "product"], "object_id": "5", "object_repr": "SpecCheck Dev 15 - SC-D15-LNX", "action_flag": 3, "change_message": ""}}, {"model": "admin.logentry", "pk": 118, "fields": {"action_time": "2025-08-13T17:38:38.099Z", "user": ["admin"], "content_type": ["store", "product"], "object_id": "4", "object_repr": "SpecCheck Student 13 - SC-S13", "action_flag": 3, "change_message": ""}}, {"model": "admin.logentry", "pk": 119, "fields": {"action_time": "2025-08-13T17:38:38.099Z", "user": ["admin"], "content_type": ["store", "product"], "object_id": "3", "object_repr": "SpecCheck Creator 16 - SC-C16-OLED", "action_flag": 3, "change_message": ""}}, {"model": "admin.logentry", "pk": 120, "fields": {"action_time": "2025-08-13T17:38:38.099Z", "user": ["admin"], "content_type": ["store", "product"], "object_id": "2", "object_repr": "SpecCheck Gamer 15 - SC-G15-RTX", "action_flag": 3, "change_message": ""}}, {"model": "admin.logentry", "pk": 121, "fields": {"action_time": "2025-08-13T17:38:38.099Z", "user": ["admin"], "content_type": ["store", "product"], "object_id": "1", "object_repr": "SpecCheck Pro 14 - SC-P14-2025", "action_flag": 3, "change_message": ""}}]
